step,action,reward,score_left,score_right,ball_x,ball_y,right_paddle_y,left_paddle_y
0,0,0.0,0,0,-1,-1,103,-1
1,0,0.0,0,0,-1,-1,103,-1
2,0,0.0,0,0,-1,-1,103,-1
3,0,0.0,0,0,-1,-1,103,-1
4,0,0.0,0,0,-1,-1,103,-1
5,0,0.0,0,0,-1,-1,103,-1
6,0,0.0,0,0,-1,-1,103,-1
7,0,0.0,0,0,-1,-1,103,-1
8,0,0.0,0,0,-1,-1,103,-1
9,0,0.0,0,0,-1,-1,103,-1
10,0,0.0,0,0,-1,-1,103,-1
11,2,0.0,0,0,-1,-1,111,-1
12,2,0.0,0,0,-1,-1,133,-1
13,0,0.0,0,0,-1,-1,145,-1
14,0,0.0,0,0,77,119,147,124
15,0,0.0,0,0,73,127,149,130
16,0,0.0,0,0,69,135,149,138
17,0,0.0,0,0,65,143,149,144
18,1,0.0,0,0,61,151,139,152
19,1,0.0,0,0,57,159,117,158
20,0,0.0,0,0,53,167,107,166
21,0,0.0,0,0,49,175,103,172
22,0,0.0,0,0,45,183,103,180
23,0,0.0,0,0,41,191,103,186
24,0,0.0,0,0,37,186,103,188
25,0,0.0,0,0,33,178,103,184
26,2,0.0,0,0,29,170,113,176
27,2,0.0,0,0,25,162,133,170
28,2,0.0,0,0,21,154,155,162
29,0,0.0,0,0,21,144,167,156
30,0,0.0,0,0,25,136,169,148
31,1,0.0,0,0,29,128,161,142
32,1,0.0,0,0,33,120,141,134
33,1,0.0,0,0,37,112,119,128
34,1,0.0,0,0,41,104,97,120
35,0,0.0,0,0,45,96,83,114
36,0,0.0,0,0,49,88,81,106
37,0,0.0,0,0,53,80,79,100
38,0,0.0,0,0,57,72,79,92
39,1,0.0,0,0,61,64,79,86
40,0,0.0,0,0,65,56,71,78
41,0,0.0,0,0,69,48,67,72
42,2,0.0,0,0,73,40,71,64
43,2,0.0,0,0,77,34,87,58
44,2,0.0,0,0,81,41,109,50
45,0,0.0,0,0,85,49,121,52
46,0,0.0,0,0,89,57,123,60
47,0,0.0,0,0,93,65,125,66
48,0,0.0,0,0,97,73,125,74
49,0,0.0,0,0,101,81,125,80
50,0,0.0,0,0,105,89,125,88
51,0,0.0,0,0,109,97,125,94
52,0,0.0,0,0,113,105,125,102
53,0,0.0,0,0,117,113,125,108
54,0,0.0,0,0,121,121,125,116
55,2,0.0,0,0,125,129,135,122
56,2,0.0,0,0,129,137,155,130
57,0,0.0,0,0,133,145,167,136
58,0,0.0,0,0,137,153,171,144
59,0,0.0,0,0,141,161,171,150
60,0,0.0,0,0,139,157,171,158
61,0,0.0,0,0,135,149,171,156
62,0,0.0,0,0,131,141,171,148
63,0,0.0,0,0,127,133,171,142
64,1,0.0,0,0,123,125,161,134
65,1,0.0,0,0,119,117,141,128
66,1,0.0,0,0,115,109,119,120
67,1,0.0,0,0,111,101,97,114
68,0,0.0,0,0,107,93,83,106
69,0,0.0,0,0,103,85,81,100
70,0,0.0,0,0,99,77,79,92
71,0,0.0,0,0,95,69,79,86
72,0,0.0,0,0,91,61,79,78
73,0,0.0,0,0,87,53,79,72
74,0,0.0,0,0,83,45,79,64
75,0,0.0,0,0,79,37,79,58
76,0,0.0,0,0,75,35,79,50
77,0,0.0,0,0,71,42,79,44
78,2,0.0,0,0,67,50,89,52
79,2,0.0,0,0,63,58,109,58
80,0,0.0,0,0,59,66,121,66
81,0,0.0,0,0,55,74,123,72
82,0,0.0,0,0,51,82,125,80
83,0,0.0,0,0,47,90,125,86
84,2,0.0,0,0,43,98,135,94
85,2,0.0,0,0,39,106,155,100
86,0,0.0,0,0,35,114,167,108
87,0,0.0,0,0,31,122,171,114
88,0,0.0,0,0,27,130,171,122
89,0,0.0,0,0,23,138,171,128
90,0,0.0,0,0,19,146,171,136
91,0,0.0,0,0,15,154,171,142
92,1,0.0,0,0,11,162,161,150
93,0,0.0,0,0,-1,-1,153,156
94,0,0.0,0,0,-1,-1,149,164
95,0,1.0,0,1,-1,-1,149,162
96,0,0.0,0,1,-1,-1,149,154
97,0,0.0,0,1,-1,-1,149,148
98,1,0.0,0,1,-1,-1,139,140
99,1,0.0,0,1,-1,-1,117,134
100,1,0.0,0,1,-1,-1,97,126
101,0,0.0,0,1,-1,-1,83,120
102,0,0.0,0,1,-1,-1,81,112
103,0,0.0,0,1,-1,-1,79,106
104,2,0.0,0,1,-1,-1,89,98
105,2,0.0,0,1,-1,-1,109,92
106,2,0.0,0,1,-1,-1,131,84
107,0,0.0,0,1,-1,-1,145,78
108,0,0.0,0,1,-1,-1,147,70
109,0,0.0,0,1,-1,-1,149,64
110,0,0.0,0,1,78,116,149,122
111,0,0.0,0,1,74,120,149,124
112,1,0.0,0,1,70,124,139,130
113,1,0.0,0,1,66,128,117,132
114,0,0.0,0,1,62,132,99,138
115,0,0.0,0,1,58,136,93,140
116,0,0.0,0,1,54,140,91,146
117,0,0.0,0,1,50,144,91,148
118,0,0.0,0,1,46,148,91,154
119,2,0.0,0,1,42,152,95,156
120,2,0.0,0,1,38,156,109,162
121,0,0.0,0,1,34,160,121,164
122,0,0.0,0,1,30,164,125,170
123,0,0.0,0,1,26,168,125,172
124,0,0.0,0,1,22,172,125,178
125,0,0.0,0,1,20,173,125,180
126,0,0.0,0,1,24,165,125,172
127,0,0.0,0,1,28,157,125,166
128,0,0.0,0,1,32,149,125,158
129,0,0.0,0,1,36,141,125,152
130,0,0.0,0,1,40,133,125,144
131,1,0.0,0,1,44,125,115,138
132,1,0.0,0,1,48,117,95,130
133,0,0.0,0,1,52,109,79,124
134,0,0.0,0,1,56,101,75,116
135,0,0.0,0,1,60,93,73,110
136,0,0.0,0,1,64,85,73,102
137,0,0.0,0,1,68,77,73,96
138,0,0.0,0,1,72,69,73,88
139,0,0.0,0,1,76,61,73,82
140,1,0.0,0,1,80,53,63,74
141,0,0.0,0,1,84,45,55,68
142,0,0.0,0,1,88,37,51,60
143,0,0.0,0,1,92,35,51,54
144,0,0.0,0,1,96,42,51,46
145,2,0.0,0,1,100,50,61,52
146,2,0.0,0,1,104,58,81,60
147,0,0.0,0,1,108,66,93,66
148,0,0.0,0,1,112,74,95,74
149,0,0.0,0,1,116,82,97,80
150,0,0.0,0,1,120,90,97,88
151,2,0.0,0,1,124,98,97,94
152,0,0.0,0,1,128,105,101,102
153,0,0.0,0,1,132,113,103,108
154,0,0.0,0,1,136,121,103,116
155,2,0.0,0,1,140,129,107,122
156,2,0.0,0,1,144,137,127,130
157,2,0.0,0,1,148,145,149,136
158,0,0.0,0,1,-1,-1,165,144
159,0,0.0,0,1,-1,-1,169,150
160,0,-1.0,1,1,-1,-1,171,146
161,0,0.0,1,1,-1,-1,171,140
162,0,0.0,1,1,-1,-1,171,132
163,0,0.0,1,1,-1,-1,171,126
164,1,0.0,1,1,-1,-1,161,118
165,1,0.0,1,1,-1,-1,141,112
166,1,0.0,1,1,-1,-1,119,104
167,1,0.0,1,1,-1,-1,97,98
168,0,0.0,1,1,-1,-1,83,90
169,0,0.0,1,1,-1,-1,81,84
170,2,0.0,1,1,-1,-1,89,76
171,2,0.0,1,1,-1,-1,109,70
172,2,0.0,1,1,-1,-1,131,62
173,0,0.0,1,1,-1,-1,145,56
174,0,0.0,1,1,-1,-1,147,48
175,0,0.0,1,1,80,116,149,120
176,0,0.0,1,1,84,120,149,126
177,1,0.0,1,1,88,124,143,128
178,0,0.0,1,1,92,128,129,134
179,0,0.0,1,1,96,132,127,136
180,0,0.0,1,1,100,136,125,142
181,0,0.0,1,1,104,140,125,144
182,0,0.0,1,1,108,144,125,150
183,0,0.0,1,1,112,148,125,152
184,2,0.0,1,1,116,152,135,158
185,0,0.0,1,1,120,156,145,160
186,0,0.0,1,1,124,160,149,166
187,0,0.0,1,1,128,164,149,168
188,0,0.0,1,1,132,167,149,174
189,0,0.0,1,1,136,171,149,176
190,2,0.0,1,1,140,175,159,182
191,0,0.0,1,1,144,179,167,184
192,0,0.0,1,1,148,183,171,188
193,0,0.0,1,1,-1,-1,171,189
194,0,0.0,1,1,-1,-1,171,192
195,0,-1.0,2,1,-1,-1,171,189
196,0,0.0,2,1,-1,-1,171,184
197,0,0.0,2,1,-1,-1,171,178
198,0,0.0,2,1,-1,-1,171,170
199,0,0.0,2,1,-1,-1,171,164
200,0,0.0,2,1,-1,-1,171,156
201,0,0.0,2,1,-1,-1,171,150
202,0,0.0,2,1,-1,-1,171,142
203,0,0.0,2,1,-1,-1,171,136
204,0,0.0,2,1,-1,-1,171,128
205,0,0.0,2,1,-1,-1,171,122
206,0,0.0,2,1,-1,-1,171,114
207,0,0.0,2,1,-1,-1,171,108
208,0,0.0,2,1,-1,-1,171,100
209,0,0.0,2,1,-1,-1,171,94
210,0,0.0,2,1,80,116,171,122
211,0,0.0,2,1,84,120,171,124
212,0,0.0,2,1,88,124,171,130
213,1,0.0,2,1,92,128,171,132
214,1,0.0,2,1,96,132,157,138
215,0,0.0,2,1,100,136,147,140
216,0,0.0,2,1,104,140,143,146
217,0,0.0,2,1,108,144,143,148
218,0,0.0,2,1,112,148,143,154
219,2,0.0,2,1,116,152,149,156
220,0,0.0,2,1,120,156,161,162
221,0,0.0,2,1,124,160,165,164
222,0,0.0,2,1,128,163,165,170
223,0,0.0,2,1,132,167,165,172
224,0,0.0,2,1,136,171,165,178
225,2,0.0,2,1,140,175,165,180
226,0,0.0,2,1,144,179,165,186
227,0,0.0,2,1,148,183,165,187
228,0,0.0,2,1,-1,-1,165,190
229,0,0.0,2,1,-1,-1,165,191
230,0,-1.0,3,1,-1,-1,165,189
231,0,0.0,3,1,-1,-1,165,186
232,0,0.0,3,1,-1,-1,165,178
233,0,0.0,3,1,-1,-1,165,172
234,0,0.0,3,1,-1,-1,165,164
235,0,0.0,3,1,-1,-1,165,158
236,0,0.0,3,1,-1,-1,165,150
237,0,0.0,3,1,-1,-1,165,144
238,0,0.0,3,1,-1,-1,165,136
239,0,0.0,3,1,-1,-1,165,130
240,0,0.0,3,1,-1,-1,165,122
241,0,0.0,3,1,-1,-1,165,116
242,0,0.0,3,1,-1,-1,165,108
