step,action,reward,score_left,score_right,ball_x,ball_y,right_paddle_y,left_paddle_y,action_next,ball_vx,ball_vy,right_paddle_vy,left_paddle_vy
1,0,0.0,0,0,-1,-1,103,-1,0.0,0.0,0.0,0.0,0.0
2,0,0.0,0,0,-1,-1,103,-1,0.0,0.0,0.0,0.0,0.0
3,0,0.0,0,0,-1,-1,103,-1,0.0,0.0,0.0,0.0,0.0
4,0,0.0,0,0,-1,-1,103,-1,0.0,0.0,0.0,0.0,0.0
5,0,0.0,0,0,-1,-1,103,-1,0.0,0.0,0.0,0.0,0.0
6,0,0.0,0,0,-1,-1,103,-1,0.0,0.0,0.0,0.0,0.0
7,0,0.0,0,0,-1,-1,103,-1,0.0,0.0,0.0,0.0,0.0
8,0,0.0,0,0,-1,-1,103,-1,0.0,0.0,0.0,0.0,0.0
9,0,0.0,0,0,-1,-1,103,-1,0.0,0.0,0.0,0.0,0.0
10,0,0.0,0,0,-1,-1,103,-1,2.0,0.0,0.0,0.0,0.0
11,2,0.0,0,0,-1,-1,99,-1,0.0,0.0,0.0,-4.0,0.0
12,0,0.0,0,0,-1,-1,93,-1,3.0,0.0,0.0,-6.0,0.0
13,3,0.0,0,0,-1,-1,101,-1,3.0,0.0,0.0,8.0,0.0
14,3,0.0,0,0,77,119,121,124,0.0,78.0,120.0,20.0,125.0
15,0,0.0,0,0,73,127,133,130,0.0,-4.0,8.0,12.0,6.0
16,0,0.0,0,0,69,135,135,138,0.0,-4.0,8.0,2.0,8.0
17,0,0.0,0,0,65,143,137,144,2.0,-4.0,8.0,2.0,6.0
18,2,0.0,0,0,61,151,127,152,2.0,-4.0,8.0,-10.0,8.0
19,2,0.0,0,0,57,159,107,158,0.0,-4.0,8.0,-20.0,6.0
20,0,0.0,0,0,53,167,87,166,0.0,-4.0,8.0,-20.0,8.0
21,0,0.0,0,0,49,175,81,172,3.0,-4.0,8.0,-6.0,6.0
22,3,0.0,0,0,45,183,79,180,3.0,-4.0,8.0,-2.0,8.0
23,3,0.0,0,0,41,191,95,186,3.0,-4.0,8.0,16.0,6.0
24,3,0.0,0,0,37,186,115,188,0.0,-4.0,-5.0,20.0,2.0
25,0,0.0,0,0,33,178,127,184,0.0,-4.0,-8.0,12.0,-4.0
26,0,0.0,0,0,29,170,129,176,2.0,-4.0,-8.0,2.0,-8.0
27,2,0.0,0,0,25,162,121,170,2.0,-4.0,-8.0,-8.0,-6.0
28,2,0.0,0,0,21,154,101,162,0.0,-4.0,-8.0,-20.0,-8.0
29,0,0.0,0,0,21,144,89,156,0.0,0.0,-10.0,-12.0,-6.0
30,0,0.0,0,0,25,136,87,148,2.0,4.0,-8.0,-2.0,-8.0
31,2,0.0,0,0,29,128,79,142,2.0,4.0,-8.0,-8.0,-6.0
32,2,0.0,0,0,33,120,61,134,0.0,4.0,-8.0,-18.0,-8.0
33,0,0.0,0,0,37,112,45,128,3.0,4.0,-8.0,-16.0,-6.0
34,3,0.0,0,0,41,104,41,120,3.0,4.0,-8.0,-4.0,-8.0
35,3,0.0,0,0,45,96,53,114,3.0,4.0,-8.0,12.0,-6.0
36,3,0.0,0,0,49,88,75,106,0.0,4.0,-8.0,22.0,-8.0
37,0,0.0,0,0,53,80,95,100,0.0,4.0,-8.0,20.0,-6.0
38,0,0.0,0,0,57,72,101,92,2.0,4.0,-8.0,6.0,-8.0
39,2,0.0,0,0,61,64,91,86,2.0,4.0,-8.0,-10.0,-6.0
40,2,0.0,0,0,65,56,71,78,0.0,4.0,-8.0,-20.0,-8.0
41,0,0.0,0,0,69,48,57,72,0.0,4.0,-8.0,-14.0,-6.0
42,0,0.0,0,0,73,40,53,64,3.0,4.0,-8.0,-4.0,-8.0
43,3,0.0,0,0,77,34,61,58,3.0,4.0,-6.0,8.0,-6.0
44,3,0.0,0,0,81,41,81,50,3.0,4.0,7.0,20.0,-8.0
45,3,0.0,0,0,85,49,103,52,0.0,4.0,8.0,22.0,2.0
46,0,0.0,0,0,89,57,115,60,0.0,4.0,8.0,12.0,8.0
47,0,0.0,0,0,93,65,117,66,0.0,4.0,8.0,2.0,6.0
48,0,0.0,0,0,97,73,119,74,3.0,4.0,8.0,2.0,8.0
49,3,0.0,0,0,101,81,125,80,3.0,4.0,8.0,6.0,6.0
50,3,0.0,0,0,105,89,145,88,0.0,4.0,8.0,20.0,8.0
51,0,0.0,0,0,109,97,155,94,0.0,4.0,8.0,10.0,6.0
52,0,0.0,0,0,113,105,159,102,0.0,4.0,8.0,4.0,8.0
53,0,0.0,0,0,117,113,159,108,0.0,4.0,8.0,0.0,6.0
54,0,0.0,0,0,121,121,159,116,0.0,4.0,8.0,0.0,8.0
55,0,0.0,0,0,125,129,159,122,0.0,4.0,8.0,0.0,6.0
56,0,0.0,0,0,129,137,159,130,0.0,4.0,8.0,0.0,8.0
57,0,0.0,0,0,133,145,159,136,0.0,4.0,8.0,0.0,6.0
58,0,0.0,0,0,137,153,159,144,2.0,4.0,8.0,0.0,8.0
59,2,0.0,0,0,137,157,157,150,2.0,0.0,4.0,-2.0,6.0
60,2,0.0,0,0,133,157,141,158,2.0,-4.0,0.0,-16.0,8.0
61,2,0.0,0,0,129,157,119,162,2.0,-4.0,0.0,-22.0,4.0
62,2,0.0,0,0,125,157,97,162,2.0,-4.0,0.0,-22.0,0.0
63,2,0.0,0,0,121,157,73,162,2.0,-4.0,0.0,-24.0,0.0
64,2,0.0,0,0,117,157,51,162,0.0,-4.0,0.0,-22.0,0.0
65,0,0.0,0,0,113,157,39,162,0.0,-4.0,0.0,-12.0,0.0
66,0,0.0,0,0,109,157,38,162,3.0,-4.0,0.0,-1.0,0.0
67,3,0.0,0,0,105,157,43,162,3.0,-4.0,0.0,5.0,0.0
68,3,0.0,0,0,101,157,63,162,3.0,-4.0,0.0,20.0,0.0
69,3,0.0,0,0,97,157,85,162,3.0,-4.0,0.0,22.0,0.0
70,3,0.0,0,0,93,157,107,162,3.0,-4.0,0.0,22.0,0.0
71,3,0.0,0,0,89,157,131,162,3.0,-4.0,0.0,24.0,0.0
72,3,0.0,0,0,85,157,155,162,3.0,-4.0,0.0,24.0,0.0
73,3,0.0,0,0,81,157,177,162,0.0,-4.0,0.0,22.0,0.0
74,0,0.0,0,0,77,157,188,162,0.0,-4.0,0.0,11.0,0.0
75,0,0.0,0,0,73,157,189,162,0.0,-4.0,0.0,1.0,0.0
76,0,0.0,0,0,69,157,190,162,0.0,-4.0,0.0,1.0,0.0
77,0,0.0,0,0,65,157,190,162,0.0,-4.0,0.0,0.0,0.0
78,0,0.0,0,0,61,157,190,162,0.0,-4.0,0.0,0.0,0.0
79,0,0.0,0,0,57,157,190,162,0.0,-4.0,0.0,0.0,0.0
80,0,0.0,0,0,53,157,190,162,0.0,-4.0,0.0,0.0,0.0
81,0,0.0,0,0,49,157,190,162,0.0,-4.0,0.0,0.0,0.0
82,0,0.0,0,0,45,157,190,162,0.0,-4.0,0.0,0.0,0.0
83,0,0.0,0,0,41,157,190,162,0.0,-4.0,0.0,0.0,0.0
84,0,0.0,0,0,37,157,190,162,0.0,-4.0,0.0,0.0,0.0
85,0,0.0,0,0,33,157,190,162,0.0,-4.0,0.0,0.0,0.0
86,0,0.0,0,0,29,157,190,162,0.0,-4.0,0.0,0.0,0.0
87,0,0.0,0,0,25,157,190,162,0.0,-4.0,0.0,0.0,0.0
88,0,0.0,0,0,21,157,190,162,0.0,-4.0,0.0,0.0,0.0
89,0,0.0,0,0,21,153,190,160,0.0,0.0,-4.0,0.0,-2.0
90,0,0.0,0,0,25,145,190,152,2.0,4.0,-8.0,0.0,-8.0
91,2,0.0,0,0,29,137,187,146,2.0,4.0,-8.0,-3.0,-6.0
92,2,0.0,0,0,33,129,169,138,2.0,4.0,-8.0,-18.0,-8.0
93,2,0.0,0,0,37,121,149,132,0.0,4.0,-8.0,-20.0,-6.0
94,0,0.0,0,0,41,113,135,124,0.0,4.0,-8.0,-14.0,-8.0
95,0,0.0,0,0,45,105,133,118,2.0,4.0,-8.0,-2.0,-6.0
96,2,0.0,0,0,49,97,121,110,2.0,4.0,-8.0,-12.0,-8.0
97,2,0.0,0,0,53,89,101,104,0.0,4.0,-8.0,-20.0,-6.0
98,0,0.0,0,0,57,81,81,96,0.0,4.0,-8.0,-20.0,-8.0
99,0,0.0,0,0,61,73,75,90,0.0,4.0,-8.0,-6.0,-6.0
100,0,0.0,0,0,65,65,73,82,0.0,4.0,-8.0,-2.0,-8.0
101,0,0.0,0,0,69,57,73,76,0.0,4.0,-8.0,0.0,-6.0
102,0,0.0,0,0,73,49,73,68,0.0,4.0,-8.0,0.0,-8.0
103,0,0.0,0,0,77,41,73,62,0.0,4.0,-8.0,0.0,-6.0
104,0,0.0,0,0,81,34,73,54,0.0,4.0,-7.0,0.0,-8.0
105,0,0.0,0,0,85,38,73,48,0.0,4.0,4.0,0.0,-6.0
106,0,0.0,0,0,89,46,73,52,0.0,4.0,8.0,0.0,4.0
107,0,0.0,0,0,93,54,73,58,0.0,4.0,8.0,0.0,6.0
108,0,0.0,0,0,97,62,73,66,3.0,4.0,8.0,0.0,8.0
109,3,0.0,0,0,101,70,83,72,3.0,4.0,8.0,10.0,6.0
110,3,0.0,0,0,105,78,103,80,0.0,4.0,8.0,20.0,8.0
111,0,0.0,0,0,109,86,115,86,3.0,4.0,8.0,12.0,6.0
112,3,0.0,0,0,113,94,129,94,0.0,4.0,8.0,14.0,8.0
113,0,0.0,0,0,117,102,139,100,0.0,4.0,8.0,10.0,6.0
114,0,0.0,0,0,121,110,143,108,0.0,4.0,8.0,4.0,8.0
115,0,0.0,0,0,125,118,143,114,0.0,4.0,8.0,0.0,6.0
116,0,0.0,0,0,129,126,143,122,0.0,4.0,8.0,0.0,8.0
117,0,0.0,0,0,133,133,143,128,0.0,4.0,7.0,0.0,6.0
118,0,0.0,0,0,137,141,143,136,0.0,4.0,8.0,0.0,8.0
119,0,0.0,0,0,135,147,143,142,3.0,-2.0,6.0,0.0,6.0
120,3,0.0,0,0,127,151,153,150,3.0,-8.0,4.0,10.0,8.0
121,3,0.0,0,0,119,156,173,156,0.0,-8.0,5.0,20.0,6.0
122,0,0.0,0,0,111,160,185,164,0.0,-8.0,4.0,12.0,8.0
123,0,0.0,0,0,103,164,186,168,0.0,-8.0,4.0,1.0,4.0
124,0,0.0,0,0,95,168,187,174,0.0,-8.0,4.0,1.0,6.0
125,0,0.0,0,0,87,172,187,176,0.0,-8.0,4.0,0.0,2.0
126,0,0.0,0,0,79,176,187,182,0.0,-8.0,4.0,0.0,6.0
127,0,0.0,0,0,71,180,187,184,0.0,-8.0,4.0,0.0,2.0
128,0,0.0,0,0,63,184,187,188,0.0,-8.0,4.0,0.0,4.0
129,0,0.0,0,0,55,188,187,189,0.0,-8.0,4.0,0.0,1.0
130,0,0.0,0,0,47,192,187,192,0.0,-8.0,4.0,0.0,3.0
131,0,0.0,0,0,39,189,187,190,0.0,-8.0,-3.0,0.0,-2.0
132,0,0.0,0,0,31,185,187,188,0.0,-8.0,-4.0,0.0,-2.0
133,0,0.0,0,0,23,181,187,186,0.0,-8.0,-4.0,0.0,-2.0
134,0,0.0,0,0,23,175,187,180,0.0,0.0,-6.0,0.0,-6.0
135,0,0.0,0,0,31,167,187,174,0.0,8.0,-8.0,0.0,-6.0
136,0,0.0,0,0,39,159,187,166,0.0,8.0,-8.0,0.0,-8.0
137,0,0.0,0,0,47,151,187,160,2.0,8.0,-8.0,0.0,-6.0
138,2,0.0,0,0,55,143,179,152,2.0,8.0,-8.0,-8.0,-8.0
139,2,0.0,0,0,63,135,159,146,2.0,8.0,-8.0,-20.0,-6.0
140,2,0.0,0,0,71,127,137,138,2.0,8.0,-8.0,-22.0,-8.0
141,2,0.0,0,0,79,119,113,132,2.0,8.0,-8.0,-24.0,-6.0
142,2,0.0,0,0,87,111,91,124,0.0,8.0,-8.0,-22.0,-8.0
143,0,0.0,0,0,95,103,77,118,0.0,8.0,-8.0,-14.0,-6.0
144,0,0.0,0,0,103,95,75,110,0.0,8.0,-8.0,-2.0,-8.0
145,0,0.0,0,0,111,87,73,104,0.0,8.0,-8.0,-2.0,-6.0
146,0,0.0,0,0,119,79,73,96,0.0,8.0,-8.0,0.0,-8.0
147,0,0.0,0,0,127,71,73,90,0.0,8.0,-8.0,0.0,-6.0
148,0,0.0,0,0,135,63,73,82,2.0,8.0,-8.0,0.0,-8.0
149,2,0.0,0,0,143,55,71,76,2.0,8.0,-8.0,-2.0,-6.0
150,2,0.0,0,0,-1,-1,55,68,2.0,-144.0,-56.0,-16.0,-8.0
151,2,-1.0,1,0,-1,-1,39,62,0.0,0.0,0.0,-16.0,-6.0
152,0,0.0,1,0,-1,-1,37,54,0.0,0.0,0.0,-2.0,-8.0
153,0,0.0,1,0,-1,-1,36,48,3.0,0.0,0.0,-1.0,-6.0
154,3,0.0,1,0,-1,-1,36,41,3.0,0.0,0.0,0.0,-7.0
155,3,0.0,1,0,-1,-1,43,38,3.0,0.0,0.0,7.0,-3.0
156,3,0.0,1,0,-1,-1,63,34,0.0,0.0,0.0,20.0,-4.0
157,0,0.0,1,0,-1,-1,75,-1,0.0,0.0,0.0,12.0,-35.0
158,0,0.0,1,0,-1,-1,77,-1,0.0,0.0,0.0,2.0,0.0
159,0,0.0,1,0,-1,-1,79,-1,0.0,0.0,0.0,2.0,0.0
160,0,0.0,1,0,-1,-1,79,-1,0.0,0.0,0.0,0.0,0.0
161,0,0.0,1,0,-1,-1,79,-1,0.0,0.0,0.0,0.0,0.0
162,0,0.0,1,0,-1,-1,79,-1,0.0,0.0,0.0,0.0,0.0
163,0,0.0,1,0,-1,-1,79,-1,0.0,0.0,0.0,0.0,0.0
164,0,0.0,1,0,-1,-1,79,-1,0.0,0.0,0.0,0.0,0.0
165,0,0.0,1,0,-1,-1,79,-1,3.0,0.0,0.0,0.0,0.0
166,3,0.0,1,0,-1,-1,89,-1,3.0,0.0,0.0,10.0,0.0
167,3,0.0,1,0,81,113,109,118,3.0,82.0,114.0,20.0,119.0
168,3,0.0,1,0,85,109,131,114,0.0,4.0,-4.0,22.0,-4.0
169,0,0.0,1,0,89,105,145,110,0.0,4.0,-4.0,14.0,-4.0
170,0,0.0,1,0,93,101,147,106,0.0,4.0,-4.0,2.0,-4.0
171,0,0.0,1,0,97,97,149,102,0.0,4.0,-4.0,2.0,-4.0
172,0,0.0,1,0,101,93,149,98,2.0,4.0,-4.0,0.0,-4.0
173,2,0.0,1,0,105,89,139,94,2.0,4.0,-4.0,-10.0,-4.0
174,2,0.0,1,0,109,85,117,90,2.0,4.0,-4.0,-22.0,-4.0
175,2,0.0,1,0,113,81,97,86,0.0,4.0,-4.0,-20.0,-4.0
176,0,0.0,1,0,117,77,83,82,0.0,4.0,-4.0,-14.0,-4.0
177,0,0.0,1,0,121,73,81,78,0.0,4.0,-4.0,-2.0,-4.0
178,0,0.0,1,0,125,69,79,74,2.0,4.0,-4.0,-2.0,-4.0
179,2,0.0,1,0,129,65,69,70,0.0,4.0,-4.0,-10.0,-4.0
180,0,0.0,1,0,133,61,55,66,0.0,4.0,-4.0,-14.0,-4.0
181,0,0.0,1,0,137,57,53,62,2.0,4.0,-4.0,-2.0,-4.0
182,2,0.0,1,0,137,59,41,64,0.0,0.0,2.0,-12.0,2.0
183,0,0.0,1,0,133,67,37,70,0.0,-4.0,8.0,-4.0,6.0
184,0,0.0,1,0,129,75,36,78,0.0,-4.0,8.0,-1.0,8.0
185,0,0.0,1,0,125,83,36,84,0.0,-4.0,8.0,0.0,6.0
186,0,0.0,1,0,121,91,36,92,0.0,-4.0,8.0,0.0,8.0
187,0,0.0,1,0,117,99,36,98,0.0,-4.0,8.0,0.0,6.0
188,0,0.0,1,0,113,107,36,106,0.0,-4.0,8.0,0.0,8.0
189,0,0.0,1,0,109,115,36,112,0.0,-4.0,8.0,0.0,6.0
190,0,0.0,1,0,105,123,36,120,0.0,-4.0,8.0,0.0,8.0
191,0,0.0,1,0,101,131,36,126,0.0,-4.0,8.0,0.0,6.0
192,0,0.0,1,0,97,139,36,134,3.0,-4.0,8.0,0.0,8.0
193,3,0.0,1,0,93,147,40,140,3.0,-4.0,8.0,4.0,6.0
194,3,0.0,1,0,89,155,57,148,3.0,-4.0,8.0,17.0,8.0
195,3,0.0,1,0,85,163,79,154,3.0,-4.0,8.0,22.0,6.0
196,3,0.0,1,0,81,171,103,162,0.0,-4.0,8.0,24.0,8.0
197,0,0.0,1,0,77,179,115,168,0.0,-4.0,8.0,12.0,6.0
198,0,0.0,1,0,73,187,117,176,0.0,-4.0,8.0,2.0,8.0
199,0,0.0,1,0,69,190,119,182,0.0,-4.0,3.0,2.0,6.0
200,0,0.0,1,0,65,182,119,186,0.0,-4.0,-8.0,0.0,4.0
201,0,0.0,1,0,61,174,119,180,0.0,-4.0,-8.0,0.0,-6.0
202,0,0.0,1,0,57,166,119,172,0.0,-4.0,-8.0,0.0,-8.0
203,0,0.0,1,0,53,158,119,166,0.0,-4.0,-8.0,0.0,-6.0
204,0,0.0,1,0,49,150,119,158,0.0,-4.0,-8.0,0.0,-8.0
205,0,0.0,1,0,45,142,119,152,0.0,-4.0,-8.0,0.0,-6.0
206,0,0.0,1,0,41,134,119,144,0.0,-4.0,-8.0,0.0,-8.0
207,0,0.0,1,0,37,126,119,138,0.0,-4.0,-8.0,0.0,-6.0
208,0,0.0,1,0,33,118,119,130,0.0,-4.0,-8.0,0.0,-8.0
209,0,0.0,1,0,29,110,119,124,0.0,-4.0,-8.0,0.0,-6.0
210,0,0.0,1,0,25,102,119,116,0.0,-4.0,-8.0,0.0,-8.0
211,0,0.0,1,0,21,94,119,110,0.0,-4.0,-8.0,0.0,-6.0
212,0,0.0,1,0,17,86,119,102,0.0,-4.0,-8.0,0.0,-8.0
213,0,0.0,1,0,13,78,119,96,0.0,-4.0,-8.0,0.0,-6.0
214,0,0.0,1,0,10,70,119,88,0.0,-3.0,-8.0,0.0,-8.0
215,0,0.0,1,0,-1,-1,119,82,2.0,-11.0,-71.0,0.0,-6.0
216,2,1.0,1,1,-1,-1,109,74,0.0,0.0,0.0,-10.0,-8.0
217,0,0.0,1,1,-1,-1,101,68,0.0,0.0,0.0,-8.0,-6.0
218,0,0.0,1,1,-1,-1,97,60,3.0,0.0,0.0,-4.0,-8.0
219,3,0.0,1,1,-1,-1,107,54,3.0,0.0,0.0,10.0,-6.0
220,3,0.0,1,1,-1,-1,127,46,3.0,0.0,0.0,20.0,-8.0
221,3,0.0,1,1,-1,-1,149,41,0.0,0.0,0.0,22.0,-5.0
222,0,0.0,1,1,-1,-1,161,37,2.0,0.0,0.0,12.0,-4.0
223,2,0.0,1,1,-1,-1,155,34,2.0,0.0,0.0,-6.0,-3.0
224,2,0.0,1,1,-1,-1,135,-1,2.0,0.0,0.0,-20.0,-35.0
225,2,0.0,1,1,-1,-1,113,-1,0.0,0.0,0.0,-22.0,0.0
226,0,0.0,1,1,-1,-1,97,-1,0.0,0.0,0.0,-16.0,0.0
227,0,0.0,1,1,-1,-1,93,-1,3.0,0.0,0.0,-4.0,0.0
228,3,0.0,1,1,-1,-1,101,-1,3.0,0.0,0.0,8.0,0.0
229,3,0.0,1,1,-1,-1,121,-1,3.0,0.0,0.0,20.0,0.0
230,3,0.0,1,1,-1,-1,143,-1,0.0,0.0,0.0,22.0,0.0
231,0,0.0,1,1,-1,-1,163,-1,0.0,0.0,0.0,20.0,0.0
232,0,0.0,1,1,76,112,169,116,0.0,77.0,113.0,6.0,117.0
233,0,0.0,1,1,72,108,171,114,2.0,-4.0,-4.0,2.0,-2.0
234,2,0.0,1,1,68,104,161,108,2.0,-4.0,-4.0,-10.0,-6.0
235,2,0.0,1,1,64,100,141,106,0.0,-4.0,-4.0,-20.0,-2.0
236,0,0.0,1,1,60,96,129,100,0.0,-4.0,-4.0,-12.0,-6.0
237,0,0.0,1,1,56,92,127,98,0.0,-4.0,-4.0,-2.0,-2.0
238,0,0.0,1,1,52,88,125,92,2.0,-4.0,-4.0,-2.0,-6.0
239,2,0.0,1,1,48,84,119,90,0.0,-4.0,-4.0,-6.0,-2.0
240,0,0.0,1,1,44,80,111,84,0.0,-4.0,-4.0,-8.0,-6.0
241,0,0.0,1,1,40,76,107,82,0.0,-4.0,-4.0,-4.0,-2.0
242,0,0.0,1,1,36,72,107,76,0.0,-4.0,-4.0,0.0,-6.0
243,0,0.0,1,1,32,68,107,74,0.0,-4.0,-4.0,0.0,-2.0
244,0,0.0,1,1,28,64,107,68,0.0,-4.0,-4.0,0.0,-6.0
245,0,0.0,1,1,24,60,107,66,2.0,-4.0,-4.0,0.0,-2.0
246,2,0.0,1,1,20,56,99,60,2.0,-4.0,-4.0,-8.0,-6.0
247,2,0.0,1,1,22,49,77,56,0.0,2.0,-7.0,-22.0,-4.0
248,0,0.0,1,1,26,41,65,48,0.0,4.0,-8.0,-12.0,-8.0
249,0,0.0,1,1,30,34,63,42,0.0,4.0,-7.0,-2.0,-6.0
250,0,0.0,1,1,34,38,61,42,0.0,4.0,4.0,-2.0,0.0
251,0,0.0,1,1,38,46,61,48,0.0,4.0,8.0,0.0,6.0
252,0,0.0,1,1,42,54,61,56,3.0,4.0,8.0,0.0,8.0
253,3,0.0,1,1,46,62,71,62,3.0,4.0,8.0,10.0,6.0
254,3,0.0,1,1,50,70,93,70,3.0,4.0,8.0,22.0,8.0
255,3,0.0,1,1,54,78,113,76,3.0,4.0,8.0,20.0,6.0
256,3,0.0,1,1,58,86,137,84,0.0,4.0,8.0,24.0,8.0
257,0,0.0,1,1,62,94,151,90,0.0,4.0,8.0,14.0,6.0
258,0,0.0,1,1,66,102,153,98,3.0,4.0,8.0,2.0,8.0
259,3,0.0,1,1,70,110,163,104,0.0,4.0,8.0,10.0,6.0
260,0,0.0,1,1,74,118,173,112,0.0,4.0,8.0,10.0,8.0
261,0,0.0,1,1,78,126,177,118,0.0,4.0,8.0,4.0,6.0
262,0,0.0,1,1,82,134,177,126,0.0,4.0,8.0,0.0,8.0
263,0,0.0,1,1,86,142,177,132,2.0,4.0,8.0,0.0,6.0
264,2,0.0,1,1,90,150,171,140,0.0,4.0,8.0,-6.0,8.0
265,0,0.0,1,1,94,158,159,146,0.0,4.0,8.0,-12.0,6.0
266,0,0.0,1,1,98,166,155,154,0.0,4.0,8.0,-4.0,8.0
267,0,0.0,1,1,102,174,155,160,0.0,4.0,8.0,0.0,6.0
268,0,0.0,1,1,106,182,155,168,0.0,4.0,8.0,0.0,8.0
269,0,0.0,1,1,110,190,155,174,0.0,4.0,8.0,0.0,6.0
270,0,0.0,1,1,114,189,155,182,0.0,4.0,-1.0,0.0,8.0
271,0,0.0,1,1,118,181,155,187,0.0,4.0,-8.0,0.0,5.0
272,0,0.0,1,1,122,173,155,180,0.0,4.0,-8.0,0.0,-7.0
273,0,0.0,1,1,126,165,155,174,0.0,4.0,-8.0,0.0,-6.0
274,0,0.0,1,1,130,157,155,166,0.0,4.0,-8.0,0.0,-8.0
275,0,0.0,1,1,134,149,155,160,2.0,4.0,-8.0,0.0,-6.0
276,2,0.0,1,1,138,141,145,152,2.0,4.0,-8.0,-10.0,-8.0
277,2,0.0,1,1,136,135,123,146,2.0,-2.0,-6.0,-22.0,-6.0
278,2,0.0,1,1,132,131,103,138,0.0,-4.0,-4.0,-20.0,-8.0
279,0,0.0,1,1,128,128,89,134,0.0,-4.0,-3.0,-14.0,-4.0
280,0,0.0,1,1,124,124,87,128,0.0,-4.0,-4.0,-2.0,-6.0
281,0,0.0,1,1,120,120,85,126,0.0,-4.0,-4.0,-2.0,-2.0
282,0,0.0,1,1,116,116,85,120,0.0,-4.0,-4.0,0.0,-6.0
283,0,0.0,1,1,112,112,85,118,0.0,-4.0,-4.0,0.0,-2.0
284,0,0.0,1,1,108,108,85,112,0.0,-4.0,-4.0,0.0,-6.0
285,0,0.0,1,1,104,104,85,110,0.0,-4.0,-4.0,0.0,-2.0
286,0,0.0,1,1,100,100,85,104,0.0,-4.0,-4.0,0.0,-6.0
287,0,0.0,1,1,96,96,85,102,0.0,-4.0,-4.0,0.0,-2.0
288,0,0.0,1,1,92,92,85,96,0.0,-4.0,-4.0,0.0,-6.0
289,0,0.0,1,1,88,88,85,94,0.0,-4.0,-4.0,0.0,-2.0
290,0,0.0,1,1,84,84,85,88,0.0,-4.0,-4.0,0.0,-6.0
291,0,0.0,1,1,80,80,85,86,0.0,-4.0,-4.0,0.0,-2.0
292,0,0.0,1,1,76,76,85,80,0.0,-4.0,-4.0,0.0,-6.0
293,0,0.0,1,1,72,72,85,78,0.0,-4.0,-4.0,0.0,-2.0
294,0,0.0,1,1,68,68,85,72,0.0,-4.0,-4.0,0.0,-6.0
295,0,0.0,1,1,64,64,85,70,0.0,-4.0,-4.0,0.0,-2.0
296,0,0.0,1,1,60,60,85,64,0.0,-4.0,-4.0,0.0,-6.0
297,0,0.0,1,1,56,56,85,62,0.0,-4.0,-4.0,0.0,-2.0
298,0,0.0,1,1,52,52,85,56,0.0,-4.0,-4.0,0.0,-6.0
299,0,0.0,1,1,48,48,85,54,0.0,-4.0,-4.0,0.0,-2.0
300,0,0.0,1,1,44,44,85,48,0.0,-4.0,-4.0,0.0,-6.0
301,0,0.0,1,1,40,40,85,46,0.0,-4.0,-4.0,0.0,-2.0
302,0,0.0,1,1,36,36,85,41,0.0,-4.0,-4.0,0.0,-5.0
303,0,0.0,1,1,32,34,85,40,0.0,-4.0,-2.0,0.0,-1.0
304,0,0.0,1,1,28,37,85,42,0.0,-4.0,3.0,0.0,2.0
305,0,0.0,1,1,24,41,85,46,0.0,-4.0,4.0,0.0,4.0
306,0,0.0,1,1,20,45,85,50,3.0,-4.0,4.0,0.0,4.0
307,3,0.0,1,1,22,40,95,48,3.0,2.0,-5.0,10.0,-2.0
308,3,0.0,1,1,26,34,115,41,0.0,4.0,-6.0,20.0,-7.0
309,0,0.0,1,1,30,41,127,44,0.0,4.0,7.0,12.0,3.0
310,0,0.0,1,1,34,49,129,52,0.0,4.0,8.0,2.0,8.0
311,0,0.0,1,1,38,57,131,58,0.0,4.0,8.0,2.0,6.0
312,0,0.0,1,1,42,65,131,66,2.0,4.0,8.0,0.0,8.0
313,2,0.0,1,1,46,73,121,72,0.0,4.0,8.0,-10.0,6.0
314,0,0.0,1,1,50,81,111,80,0.0,4.0,8.0,-10.0,8.0
315,0,0.0,1,1,54,89,107,86,3.0,4.0,8.0,-4.0,6.0
316,3,0.0,1,1,58,97,117,94,3.0,4.0,8.0,10.0,8.0
317,3,0.0,1,1,62,105,139,100,0.0,4.0,8.0,22.0,6.0
318,0,0.0,1,1,66,113,153,108,0.0,4.0,8.0,14.0,8.0
319,0,0.0,1,1,70,121,157,114,3.0,4.0,8.0,4.0,6.0
320,3,0.0,1,1,74,129,159,122,0.0,4.0,8.0,2.0,8.0
321,0,0.0,1,1,78,137,163,128,0.0,4.0,8.0,4.0,6.0
322,0,0.0,1,1,82,145,165,136,2.0,4.0,8.0,2.0,8.0
323,2,0.0,1,1,86,153,155,142,0.0,4.0,8.0,-10.0,6.0
324,0,0.0,1,1,90,161,147,150,0.0,4.0,8.0,-8.0,8.0
325,0,0.0,1,1,94,169,143,156,0.0,4.0,8.0,-4.0,6.0
326,0,0.0,1,1,98,177,143,164,0.0,4.0,8.0,0.0,8.0
327,0,0.0,1,1,102,185,143,170,0.0,4.0,8.0,0.0,6.0
328,0,0.0,1,1,106,192,143,178,0.0,4.0,7.0,0.0,8.0
329,0,0.0,1,1,110,184,143,184,0.0,4.0,-8.0,0.0,6.0
330,0,0.0,1,1,114,176,143,180,0.0,4.0,-8.0,0.0,-4.0
331,0,0.0,1,1,118,168,143,174,0.0,4.0,-8.0,0.0,-6.0
332,0,0.0,1,1,122,160,143,166,0.0,4.0,-8.0,0.0,-8.0
333,0,0.0,1,1,126,152,143,160,2.0,4.0,-8.0,0.0,-6.0
334,2,0.0,1,1,130,143,137,152,0.0,4.0,-9.0,-6.0,-8.0
335,0,0.0,1,1,134,135,129,146,0.0,4.0,-8.0,-8.0,-6.0
336,0,0.0,1,1,138,127,125,138,0.0,4.0,-8.0,-4.0,-8.0
337,0,0.0,1,1,133,125,125,132,0.0,-5.0,-2.0,0.0,-6.0
338,0,0.0,1,1,125,126,125,132,0.0,-8.0,1.0,0.0,0.0
339,0,0.0,1,1,117,126,125,130,0.0,-8.0,0.0,0.0,-2.0
340,0,0.0,1,1,109,126,125,130,0.0,-8.0,0.0,0.0,0.0
341,0,0.0,1,1,101,126,125,132,0.0,-8.0,0.0,0.0,2.0
342,0,0.0,1,1,93,126,125,132,0.0,-8.0,0.0,0.0,0.0
343,0,0.0,1,1,85,126,125,130,0.0,-8.0,0.0,0.0,-2.0
344,0,0.0,1,1,77,126,125,130,0.0,-8.0,0.0,0.0,0.0
345,0,0.0,1,1,69,126,125,132,0.0,-8.0,0.0,0.0,2.0
346,0,0.0,1,1,61,126,125,132,0.0,-8.0,0.0,0.0,0.0
347,0,0.0,1,1,53,126,125,130,0.0,-8.0,0.0,0.0,-2.0
348,0,0.0,1,1,45,126,125,130,0.0,-8.0,0.0,0.0,0.0
349,0,0.0,1,1,37,126,125,132,0.0,-8.0,0.0,0.0,2.0
350,0,0.0,1,1,29,126,125,132,0.0,-8.0,0.0,0.0,0.0
351,0,0.0,1,1,21,126,125,130,0.0,-8.0,0.0,0.0,-2.0
352,0,0.0,1,1,25,120,125,126,0.0,4.0,-6.0,0.0,-4.0
353,0,0.0,1,1,33,112,125,120,0.0,8.0,-8.0,0.0,-6.0
354,0,0.0,1,1,41,104,125,112,0.0,8.0,-8.0,0.0,-8.0
355,0,0.0,1,1,49,96,125,106,2.0,8.0,-8.0,0.0,-6.0
356,2,0.0,1,1,57,88,115,98,2.0,8.0,-8.0,-10.0,-8.0
357,2,0.0,1,1,65,80,95,92,0.0,8.0,-8.0,-20.0,-6.0
358,0,0.0,1,1,73,72,83,84,0.0,8.0,-8.0,-12.0,-8.0
359,0,0.0,1,1,81,64,81,78,2.0,8.0,-8.0,-2.0,-6.0
360,2,0.0,1,1,89,56,69,70,0.0,8.0,-8.0,-12.0,-8.0
361,0,0.0,1,1,97,48,55,64,0.0,8.0,-8.0,-14.0,-6.0
362,0,0.0,1,1,105,40,53,56,0.0,8.0,-8.0,-2.0,-8.0
363,0,0.0,1,1,113,34,51,50,0.0,8.0,-6.0,-2.0,-6.0
364,0,0.0,1,1,121,41,51,46,0.0,8.0,7.0,0.0,-4.0
365,0,0.0,1,1,129,49,51,52,3.0,8.0,8.0,0.0,6.0
366,3,0.0,1,1,137,57,61,60,0.0,8.0,8.0,10.0,8.0
367,0,0.0,1,1,133,59,69,64,0.0,-4.0,2.0,8.0,4.0
368,0,0.0,1,1,125,59,73,64,0.0,-8.0,0.0,4.0,0.0
369,0,0.0,1,1,117,59,73,64,0.0,-8.0,0.0,0.0,0.0
370,0,0.0,1,1,109,59,73,64,0.0,-8.0,0.0,0.0,0.0
371,0,0.0,1,1,101,59,73,64,0.0,-8.0,0.0,0.0,0.0
372,0,0.0,1,1,93,59,73,64,0.0,-8.0,0.0,0.0,0.0
373,0,0.0,1,1,85,59,73,64,0.0,-8.0,0.0,0.0,0.0
374,0,0.0,1,1,77,59,73,64,0.0,-8.0,0.0,0.0,0.0
375,0,0.0,1,1,69,59,73,64,0.0,-8.0,0.0,0.0,0.0
376,0,0.0,1,1,61,59,73,64,0.0,-8.0,0.0,0.0,0.0
377,0,0.0,1,1,53,59,73,64,0.0,-8.0,0.0,0.0,0.0
378,0,0.0,1,1,45,59,73,64,0.0,-8.0,0.0,0.0,0.0
379,0,0.0,1,1,37,59,73,64,0.0,-8.0,0.0,0.0,0.0
380,0,0.0,1,1,29,59,73,64,0.0,-8.0,0.0,0.0,0.0
381,0,0.0,1,1,21,59,73,64,0.0,-8.0,0.0,0.0,0.0
382,0,0.0,1,1,25,53,73,58,0.0,4.0,-6.0,0.0,-6.0
383,0,0.0,1,1,33,45,73,52,0.0,8.0,-8.0,0.0,-6.0
384,0,0.0,1,1,41,37,73,44,0.0,8.0,-8.0,0.0,-8.0
385,0,0.0,1,1,49,35,73,40,0.0,8.0,-2.0,0.0,-4.0
386,0,0.0,1,1,57,42,73,46,2.0,8.0,7.0,0.0,6.0
387,2,0.0,1,1,65,50,63,52,0.0,8.0,8.0,-10.0,6.0
388,0,0.0,1,1,73,58,55,60,0.0,8.0,8.0,-8.0,8.0
389,0,0.0,1,1,81,66,51,66,3.0,8.0,8.0,-4.0,6.0
390,3,0.0,1,1,89,74,61,74,3.0,8.0,8.0,10.0,8.0
391,3,0.0,1,1,97,82,81,80,3.0,8.0,8.0,20.0,6.0
392,3,0.0,1,1,105,90,103,88,0.0,8.0,8.0,22.0,8.0
393,0,0.0,1,1,113,98,115,94,0.0,8.0,8.0,12.0,6.0
394,0,0.0,1,1,121,106,117,102,0.0,8.0,8.0,2.0,8.0
395,0,0.0,1,1,129,113,119,108,3.0,8.0,7.0,2.0,6.0
396,3,0.0,1,1,137,121,129,116,0.0,8.0,8.0,10.0,8.0
397,0,0.0,1,1,130,121,139,122,0.0,-7.0,0.0,10.0,6.0
398,0,0.0,1,1,118,117,143,122,0.0,-12.0,-4.0,4.0,0.0
399,0,0.0,1,1,106,113,143,118,0.0,-12.0,-4.0,0.0,-4.0
400,0,0.0,1,1,94,109,143,114,0.0,-12.0,-4.0,0.0,-4.0
401,0,0.0,1,1,82,105,143,110,0.0,-12.0,-4.0,0.0,-4.0
402,0,0.0,1,1,70,101,143,106,0.0,-12.0,-4.0,0.0,-4.0
403,0,0.0,1,1,58,97,143,102,0.0,-12.0,-4.0,0.0,-4.0
404,0,0.0,1,1,46,93,143,98,0.0,-12.0,-4.0,0.0,-4.0
405,0,0.0,1,1,34,89,143,94,0.0,-12.0,-4.0,0.0,-4.0
406,0,0.0,1,1,22,85,143,90,0.0,-12.0,-4.0,0.0,-4.0
407,0,0.0,1,1,28,81,143,86,2.0,6.0,-4.0,0.0,-4.0
408,2,0.0,1,1,40,77,133,82,2.0,12.0,-4.0,-10.0,-4.0
409,2,0.0,1,1,52,73,113,78,0.0,12.0,-4.0,-20.0,-4.0
410,0,0.0,1,1,64,69,101,74,0.0,12.0,-4.0,-12.0,-4.0
411,0,0.0,1,1,76,65,97,70,0.0,12.0,-4.0,-4.0,-4.0
412,0,0.0,1,1,88,61,97,66,0.0,12.0,-4.0,0.0,-4.0
413,0,0.0,1,1,100,57,97,62,0.0,12.0,-4.0,0.0,-4.0
414,0,0.0,1,1,112,53,97,58,2.0,12.0,-4.0,0.0,-4.0
415,2,0.0,1,1,124,49,87,54,2.0,12.0,-4.0,-10.0,-4.0
416,2,0.0,1,1,136,45,67,50,2.0,12.0,-4.0,-20.0,-4.0
417,2,0.0,1,1,148,41,45,46,2.0,12.0,-4.0,-22.0,-4.0
418,2,-1.0,2,1,-1,-1,38,44,0.0,-149.0,-42.0,-7.0,-2.0
419,0,0.0,2,1,-1,-1,36,40,3.0,0.0,0.0,-2.0,-4.0
420,3,0.0,2,1,-1,-1,36,36,3.0,0.0,0.0,0.0,-4.0
421,3,0.0,2,1,-1,-1,39,-1,3.0,0.0,0.0,3.0,-37.0
422,3,0.0,2,1,-1,-1,55,-1,3.0,0.0,0.0,16.0,0.0
423,3,0.0,2,1,-1,-1,75,-1,3.0,0.0,0.0,20.0,0.0
424,3,0.0,2,1,-1,-1,99,-1,0.0,0.0,0.0,24.0,0.0
425,0,0.0,2,1,-1,-1,113,-1,0.0,0.0,0.0,14.0,0.0
426,0,0.0,2,1,-1,-1,115,-1,0.0,0.0,0.0,2.0,0.0
427,0,0.0,2,1,-1,-1,117,-1,0.0,0.0,0.0,2.0,0.0
428,0,0.0,2,1,-1,-1,117,-1,0.0,0.0,0.0,0.0,0.0
429,0,0.0,2,1,-1,-1,117,-1,0.0,0.0,0.0,0.0,0.0
430,0,0.0,2,1,-1,-1,117,-1,0.0,0.0,0.0,0.0,0.0
431,0,0.0,2,1,-1,-1,117,-1,0.0,0.0,0.0,0.0,0.0
432,0,0.0,2,1,-1,-1,117,-1,0.0,0.0,0.0,0.0,0.0
433,0,0.0,2,1,-1,-1,117,-1,0.0,0.0,0.0,0.0,0.0
434,0,0.0,2,1,81,113,117,118,0.0,82.0,114.0,0.0,119.0
435,0,0.0,2,1,85,109,117,114,0.0,4.0,-4.0,0.0,-4.0
436,0,0.0,2,1,89,105,117,110,0.0,4.0,-4.0,0.0,-4.0
437,0,0.0,2,1,93,101,117,106,0.0,4.0,-4.0,0.0,-4.0
438,0,0.0,2,1,97,97,117,102,2.0,4.0,-4.0,0.0,-4.0
439,2,0.0,2,1,101,93,107,98,0.0,4.0,-4.0,-10.0,-4.0
440,0,0.0,2,1,105,89,97,94,0.0,4.0,-4.0,-10.0,-4.0
441,0,0.0,2,1,109,85,93,90,0.0,4.0,-4.0,-4.0,-4.0
442,0,0.0,2,1,113,81,93,86,0.0,4.0,-4.0,0.0,-4.0
443,0,0.0,2,1,117,77,93,82,0.0,4.0,-4.0,0.0,-4.0
444,0,0.0,2,1,121,73,93,78,2.0,4.0,-4.0,0.0,-4.0
445,2,0.0,2,1,125,69,83,74,0.0,4.0,-4.0,-10.0,-4.0
446,0,0.0,2,1,129,65,73,70,0.0,4.0,-4.0,-10.0,-4.0
447,0,0.0,2,1,133,61,71,66,0.0,4.0,-4.0,-2.0,-4.0
448,0,0.0,2,1,137,57,71,62,0.0,4.0,-4.0,0.0,-4.0
449,0,0.0,2,1,141,53,71,58,0.0,4.0,-4.0,0.0,-4.0
450,0,0.0,2,1,145,49,71,54,2.0,4.0,-4.0,0.0,-4.0
451,2,0.0,2,1,149,45,61,50,2.0,4.0,-4.0,-10.0,-4.0
452,2,0.0,2,1,-1,-1,41,46,0.0,-150.0,-46.0,-20.0,-4.0
453,0,-1.0,3,1,-1,-1,37,42,0.0,0.0,0.0,-4.0,-4.0
454,0,0.0,3,1,-1,-1,36,38,0.0,0.0,0.0,-1.0,-4.0
455,0,0.0,3,1,-1,-1,36,35,3.0,0.0,0.0,0.0,-3.0
456,3,0.0,3,1,-1,-1,36,-1,3.0,0.0,0.0,0.0,-36.0
457,3,0.0,3,1,-1,-1,45,-1,3.0,0.0,0.0,9.0,0.0
458,3,0.0,3,1,-1,-1,65,-1,0.0,0.0,0.0,20.0,0.0
459,0,0.0,3,1,-1,-1,77,-1,0.0,0.0,0.0,12.0,0.0
460,0,0.0,3,1,-1,-1,79,-1,0.0,0.0,0.0,2.0,0.0
461,0,0.0,3,1,-1,-1,81,-1,0.0,0.0,0.0,2.0,0.0
462,0,0.0,3,1,-1,-1,81,-1,0.0,0.0,0.0,0.0,0.0
463,0,0.0,3,1,-1,-1,81,-1,0.0,0.0,0.0,0.0,0.0
464,0,0.0,3,1,-1,-1,81,-1,0.0,0.0,0.0,0.0,0.0
465,0,0.0,3,1,-1,-1,81,-1,0.0,0.0,0.0,0.0,0.0
466,0,0.0,3,1,-1,-1,81,-1,0.0,0.0,0.0,0.0,0.0
467,0,0.0,3,1,-1,-1,81,-1,0.0,0.0,0.0,0.0,0.0
468,0,0.0,3,1,-1,-1,81,-1,0.0,0.0,0.0,0.0,0.0
469,0,0.0,3,1,81,113,81,118,0.0,82.0,114.0,0.0,119.0
470,0,0.0,3,1,85,109,81,114,0.0,4.0,-4.0,0.0,-4.0
471,0,0.0,3,1,89,105,81,110,0.0,4.0,-4.0,0.0,-4.0
472,0,0.0,3,1,93,101,81,106,0.0,4.0,-4.0,0.0,-4.0
473,0,0.0,3,1,97,97,81,102,0.0,4.0,-4.0,0.0,-4.0
474,0,0.0,3,1,101,93,81,98,0.0,4.0,-4.0,0.0,-4.0
475,0,0.0,3,1,105,89,81,94,0.0,4.0,-4.0,0.0,-4.0
476,0,0.0,3,1,109,85,81,90,0.0,4.0,-4.0,0.0,-4.0
477,0,0.0,3,1,113,81,81,86,0.0,4.0,-4.0,0.0,-4.0
478,0,0.0,3,1,117,77,81,82,0.0,4.0,-4.0,0.0,-4.0
479,0,0.0,3,1,121,73,81,78,2.0,4.0,-4.0,0.0,-4.0
480,2,0.0,3,1,125,69,71,74,2.0,4.0,-4.0,-10.0,-4.0
481,2,0.0,3,1,129,65,51,70,0.0,4.0,-4.0,-20.0,-4.0
482,0,0.0,3,1,133,61,40,66,0.0,4.0,-4.0,-11.0,-4.0
483,0,0.0,3,1,137,57,39,62,0.0,4.0,-4.0,-1.0,-4.0
484,0,0.0,3,1,141,53,38,58,0.0,4.0,-4.0,-1.0,-4.0
485,0,0.0,3,1,145,49,38,54,0.0,4.0,-4.0,0.0,-4.0
486,0,0.0,3,1,149,45,38,50,3.0,4.0,-4.0,0.0,-4.0
487,3,0.0,3,1,-1,-1,45,46,3.0,-150.0,-46.0,7.0,-4.0
488,3,-1.0,4,1,-1,-1,65,44,0.0,0.0,0.0,20.0,-2.0
489,0,0.0,4,1,-1,-1,77,40,0.0,0.0,0.0,12.0,-4.0
490,0,0.0,4,1,-1,-1,81,36,0.0,0.0,0.0,4.0,-4.0
491,0,0.0,4,1,-1,-1,81,-1,0.0,0.0,0.0,0.0,-37.0
492,0,0.0,4,1,-1,-1,81,-1,0.0,0.0,0.0,0.0,0.0
493,0,0.0,4,1,-1,-1,81,-1,0.0,0.0,0.0,0.0,0.0
494,0,0.0,4,1,-1,-1,81,-1,0.0,0.0,0.0,0.0,0.0
495,0,0.0,4,1,-1,-1,81,-1,0.0,0.0,0.0,0.0,0.0
496,0,0.0,4,1,-1,-1,81,-1,0.0,0.0,0.0,0.0,0.0
497,0,0.0,4,1,-1,-1,81,-1,0.0,0.0,0.0,0.0,0.0
498,0,0.0,4,1,-1,-1,81,-1,0.0,0.0,0.0,0.0,0.0
499,0,0.0,4,1,-1,-1,81,-1,0.0,0.0,0.0,0.0,0.0
500,0,0.0,4,1,-1,-1,81,-1,0.0,0.0,0.0,0.0,0.0
501,0,0.0,4,1,-1,-1,81,-1,0.0,0.0,0.0,0.0,0.0
502,0,0.0,4,1,-1,-1,81,-1,0.0,0.0,0.0,0.0,0.0
503,0,0.0,4,1,-1,-1,81,-1,0.0,0.0,0.0,0.0,0.0
504,0,0.0,4,1,81,113,81,118,0.0,82.0,114.0,0.0,119.0
505,0,0.0,4,1,85,109,81,114,0.0,4.0,-4.0,0.0,-4.0
506,0,0.0,4,1,89,105,81,110,0.0,4.0,-4.0,0.0,-4.0
507,0,0.0,4,1,93,101,81,106,0.0,4.0,-4.0,0.0,-4.0
508,0,0.0,4,1,97,97,81,102,0.0,4.0,-4.0,0.0,-4.0
509,0,0.0,4,1,101,93,81,98,0.0,4.0,-4.0,0.0,-4.0
510,0,0.0,4,1,105,89,81,94,0.0,4.0,-4.0,0.0,-4.0
511,0,0.0,4,1,109,85,81,90,0.0,4.0,-4.0,0.0,-4.0
512,0,0.0,4,1,113,81,81,86,0.0,4.0,-4.0,0.0,-4.0
513,0,0.0,4,1,117,77,81,82,0.0,4.0,-4.0,0.0,-4.0
514,0,0.0,4,1,121,73,81,78,0.0,4.0,-4.0,0.0,-4.0
515,0,0.0,4,1,125,69,81,74,0.0,4.0,-4.0,0.0,-4.0
516,0,0.0,4,1,129,65,81,70,2.0,4.0,-4.0,0.0,-4.0
517,2,0.0,4,1,133,61,75,66,2.0,4.0,-4.0,-6.0,-4.0
518,2,0.0,4,1,137,57,57,62,0.0,4.0,-4.0,-18.0,-4.0
519,0,0.0,4,1,137,57,45,62,0.0,0.0,0.0,-12.0,0.0
520,0,0.0,4,1,133,61,43,66,0.0,-4.0,4.0,-2.0,4.0
521,0,0.0,4,1,129,65,41,70,0.0,-4.0,4.0,-2.0,4.0
522,0,0.0,4,1,125,69,41,74,0.0,-4.0,4.0,0.0,4.0
523,0,0.0,4,1,121,73,41,78,0.0,-4.0,4.0,0.0,4.0
524,0,0.0,4,1,117,77,41,82,0.0,-4.0,4.0,0.0,4.0
525,0,0.0,4,1,113,81,41,86,0.0,-4.0,4.0,0.0,4.0
526,0,0.0,4,1,109,85,41,90,0.0,-4.0,4.0,0.0,4.0
527,0,0.0,4,1,105,89,41,94,0.0,-4.0,4.0,0.0,4.0
528,0,0.0,4,1,101,93,41,98,0.0,-4.0,4.0,0.0,4.0
529,0,0.0,4,1,97,97,41,102,0.0,-4.0,4.0,0.0,4.0
530,0,0.0,4,1,93,101,41,106,0.0,-4.0,4.0,0.0,4.0
531,0,0.0,4,1,89,105,41,110,0.0,-4.0,4.0,0.0,4.0
532,0,0.0,4,1,85,109,41,114,0.0,-4.0,4.0,0.0,4.0
533,0,0.0,4,1,81,113,41,118,0.0,-4.0,4.0,0.0,4.0
534,0,0.0,4,1,77,117,41,122,0.0,-4.0,4.0,0.0,4.0
535,0,0.0,4,1,73,121,41,126,0.0,-4.0,4.0,0.0,4.0
536,0,0.0,4,1,69,125,41,130,0.0,-4.0,4.0,0.0,4.0
537,0,0.0,4,1,65,129,41,134,0.0,-4.0,4.0,0.0,4.0
538,0,0.0,4,1,61,133,41,138,0.0,-4.0,4.0,0.0,4.0
539,0,0.0,4,1,57,137,41,142,0.0,-4.0,4.0,0.0,4.0
540,0,0.0,4,1,53,141,41,146,0.0,-4.0,4.0,0.0,4.0
541,0,0.0,4,1,49,145,41,150,0.0,-4.0,4.0,0.0,4.0
542,0,0.0,4,1,45,149,41,154,0.0,-4.0,4.0,0.0,4.0
543,0,0.0,4,1,41,153,41,158,0.0,-4.0,4.0,0.0,4.0
544,0,0.0,4,1,37,157,41,162,0.0,-4.0,4.0,0.0,4.0
545,0,0.0,4,1,33,161,41,166,0.0,-4.0,4.0,0.0,4.0
546,0,0.0,4,1,29,165,41,170,0.0,-4.0,4.0,0.0,4.0
547,0,0.0,4,1,25,169,41,174,0.0,-4.0,4.0,0.0,4.0
548,0,0.0,4,1,21,173,41,178,0.0,-4.0,4.0,0.0,4.0
549,0,0.0,4,1,21,171,41,178,0.0,0.0,-2.0,0.0,0.0
550,0,0.0,4,1,25,163,41,170,0.0,4.0,-8.0,0.0,-8.0
551,0,0.0,4,1,29,155,41,164,3.0,4.0,-8.0,0.0,-6.0
552,3,0.0,4,1,33,147,51,156,3.0,4.0,-8.0,10.0,-8.0
553,3,0.0,4,1,37,139,71,150,0.0,4.0,-8.0,20.0,-6.0
554,0,0.0,4,1,41,131,87,142,0.0,4.0,-8.0,16.0,-8.0
555,0,0.0,4,1,45,123,91,136,0.0,4.0,-8.0,4.0,-6.0
556,0,0.0,4,1,49,115,93,128,0.0,4.0,-8.0,2.0,-8.0
557,0,0.0,4,1,53,107,93,122,0.0,4.0,-8.0,0.0,-6.0
558,0,0.0,4,1,57,99,93,114,0.0,4.0,-8.0,0.0,-8.0
559,0,0.0,4,1,61,91,93,108,0.0,4.0,-8.0,0.0,-6.0
560,0,0.0,4,1,65,83,93,100,0.0,4.0,-8.0,0.0,-8.0
561,0,0.0,4,1,69,75,93,94,0.0,4.0,-8.0,0.0,-6.0
562,0,0.0,4,1,73,67,93,86,0.0,4.0,-8.0,0.0,-8.0
563,0,0.0,4,1,77,59,93,80,0.0,4.0,-8.0,0.0,-6.0
564,0,0.0,4,1,81,51,93,72,0.0,4.0,-8.0,0.0,-8.0
565,0,0.0,4,1,85,43,93,66,0.0,4.0,-8.0,0.0,-6.0
566,0,0.0,4,1,89,35,93,58,0.0,4.0,-8.0,0.0,-8.0
567,0,0.0,4,1,93,36,93,52,0.0,4.0,1.0,0.0,-6.0
568,0,0.0,4,1,97,44,93,48,0.0,4.0,8.0,0.0,-4.0
569,0,0.0,4,1,101,52,93,54,0.0,4.0,8.0,0.0,6.0
570,0,0.0,4,1,105,60,93,62,0.0,4.0,8.0,0.0,8.0
571,0,0.0,4,1,109,68,93,68,3.0,4.0,8.0,0.0,6.0
572,3,0.0,4,1,113,76,103,76,0.0,4.0,8.0,10.0,8.0
573,0,0.0,4,1,117,84,117,82,0.0,4.0,8.0,14.0,6.0
574,0,0.0,4,1,121,92,119,90,0.0,4.0,8.0,2.0,8.0
575,0,0.0,4,1,125,100,121,96,0.0,4.0,8.0,2.0,6.0
576,0,0.0,4,1,129,108,121,104,0.0,4.0,8.0,0.0,8.0
577,0,0.0,4,1,133,115,121,110,3.0,4.0,7.0,0.0,6.0
578,3,0.0,4,1,137,123,131,118,3.0,4.0,8.0,10.0,8.0
579,3,0.0,4,1,141,131,153,124,0.0,4.0,8.0,22.0,6.0
580,0,0.0,4,1,145,139,163,132,0.0,4.0,8.0,10.0,8.0
581,0,0.0,4,1,149,147,167,138,0.0,4.0,8.0,4.0,6.0
582,0,0.0,4,1,-1,-1,167,146,0.0,-150.0,-148.0,0.0,8.0
583,0,-1.0,5,1,-1,-1,167,152,0.0,0.0,0.0,0.0,6.0
584,0,0.0,5,1,-1,-1,167,144,0.0,0.0,0.0,0.0,-8.0
585,0,0.0,5,1,-1,-1,167,138,0.0,0.0,0.0,0.0,-6.0
586,0,0.0,5,1,-1,-1,167,130,0.0,0.0,0.0,0.0,-8.0
587,0,0.0,5,1,-1,-1,167,124,0.0,0.0,0.0,0.0,-6.0
588,0,0.0,5,1,-1,-1,167,116,0.0,0.0,0.0,0.0,-8.0
589,0,0.0,5,1,-1,-1,167,110,0.0,0.0,0.0,0.0,-6.0
590,0,0.0,5,1,-1,-1,167,102,0.0,0.0,0.0,0.0,-8.0
591,0,0.0,5,1,-1,-1,167,96,0.0,0.0,0.0,0.0,-6.0
592,0,0.0,5,1,-1,-1,167,88,0.0,0.0,0.0,0.0,-8.0
593,0,0.0,5,1,-1,-1,167,82,0.0,0.0,0.0,0.0,-6.0
594,0,0.0,5,1,-1,-1,167,74,0.0,0.0,0.0,0.0,-8.0
595,0,0.0,5,1,-1,-1,167,68,0.0,0.0,0.0,0.0,-6.0
596,0,0.0,5,1,-1,-1,167,60,0.0,0.0,0.0,0.0,-8.0
597,0,0.0,5,1,-1,-1,167,54,0.0,0.0,0.0,0.0,-6.0
598,0,0.0,5,1,-1,-1,167,46,0.0,0.0,0.0,0.0,-8.0
